data_id,iso,event_id_cnty,event_id_no_cnty,event_date,year,time_precision,event_type,sub_event_type,actor1,assoc_actor_1,inter1,actor2,assoc_actor_2,inter2,interaction,region,country,admin1,admin2,admin3,location,latitude,longitude,geo_precision,source,source_scale,notes,fatalities,timestamp,iso3
5546320,804,UKR22104,22104,"27 June 2019",2019,1,Riots,"Mob violence","Rioters (Ukraine)",,5,"Civilians (Ukraine)","Journalists (Ukraine); Stop Corruption",7,57,Europe,Ukraine,Odessa,"Odessa Municipality",,Odessa,46.4639,30.7386,1,"Stop Corruption; Ukrayinska Pravda; Novoye Vremya Ukraine",National,"On 27 June, a group of about 30 people encircled Stop Corruption journalists and rammed their car into the journalists' car in Odessa where the crew was investigating the activity of a judge. The car was damaged, no injuries were reported. [size=about 30]",0,1562095081,UKR
5546157,804,UKR21941,21941,"24 June 2019",2019,1,Protests,"Protest with intervention","Protesters (Ukraine)",,6,"Rioters (Ukraine)","Labour Group (Ukraine)",5,56,Europe,Ukraine,Odessa,"Odessa Municipality",,Odessa,46.4639,30.7386,1,Segodnya,National,"On 24 June, people blocked several roads in Odessa, letting only passengers cars through and demanding that trucks weighing more than 10 tons do not use these roads as it leads to their destruction. Some truck drivers scuffled with the protesters. [size=no report]",0,1562095080,UKR
5534827,804,UKR21184,,"28 May 2019",2019,1,Riots,"Mob violence","Rioters (Ukraine)",,5,"Civilians (Ukraine)","Labour Group (Ukraine)",7,57,Europe,Ukraine,Lviv,"Lviv Municipality",,Lviv,49.8407,24.0305,1,"Lvivskyi Portal",Subnational,"On 28 May, unidentified individuals set fire to a branch office of the largest Russian private bank in Lviv. The building was partially damaged but no one was injured.",0,1561482244,UKR
5539326,804,UKR20576,20576,"27 May 2019",2019,1,Riots,"Mob violence","Rioters (Ukraine)","Prisoners (Ukraine)",5,"Military Forces of Ukraine (2014-) National Guard","Police Forces of Ukraine (2014-) Prison Guards; Civilians (Ukraine)",1,15,Europe,Ukraine,Odessa,"Odessa Municipality",,Odessa,46.4639,30.7386,1,"Dumskaya; One Plus One; Liveuamap; AP; Bykvu; AFP; Novyny; RFE/RL",Other-Subnational,"On 27 May, between 100 and 500 prisoners rioted in an Odessa penal colony because of bad living conditions, searches in cells and mass beatings. The rioters set fire to a guard room and a car and barricaded themselves after taking three guards and three medical workers hostage. Several hundred National Guard officers were deployed to suppress the riot, about 15 prison employees and law enforcers were injured. [size=100-500]",0,1561483073,UKR
5545886,300,GRC762,762,"21 May 2019",2019,1,Riots,"Mob violence","Rioters (Greece)","Far Left Group (Greece)",5,,,0,50,Europe,Greece,Attica,Athens,"Central Athens",Athens,37.9833,23.7333,1,Ekathimerini,National,"On 21 May, supporters of Dimitris Koufodinas damaged two bank ATMs in the northern suburb of Aghia Paraskevi and in Kypseli in what is being treated as part of a string of violent incidents sparked by the rejection of the jailed November 17 hitman's furlough request and his decision to go on hunger strike. [size=no report]",0,1562095080,GRC
5545879,300,GRC754,754,"20 May 2019",2019,1,Riots,"Violent demonstration","Rioters (Greece)","Far Left Group (Greece)",5,"Civilians (Greece)","ND: New Democracy; Police Forces of Greece (2015-)",7,57,Europe,Greece,Attica,Athens,"Central Athens",Athens,37.9833,23.7333,1,"AMNA; To Vima; Ekathimerini",National,"On 20 May, ahead of the Supreme Court convening the following day regarding the furlough of hunger-striking Dimitris Koufodinas, his supporters targeted campaign offices of opposition party New Democracy in Alimos and in Nea Ionia in Athens breaking windows and setting them on fire with homemade explosive devices; they also smashed ATMs and later in the day set off from three university campuses to move dumpsters on Patission street in central Athens to set them on fire. The most serious incident occurred at the Athens University of Economics and Business involving 20 hooded individuals. Police detained 20 people that were released later except for two migrants that were arrested for not having the necessary permits to be in the country. No injuries were reported. [size=at least 20]",0,1562095080,GRC
5192425,300,GRC747,747,"18 May 2019",2019,1,Riots,"Mob violence","Rioters (Greece)",,5,"Police Forces of Greece (2015-) Units for the Reinstatement of Order",,1,15,Europe,Greece,Attica,Athens,"Central Athens",Athens,37.9833,23.7333,1,"To Vima",National,"On 18 May, in the early hours, hooded assailants launched consecutive attacks with Molotov cocktails in various areas in Attica where MAT riot police units were stationed. Initially, there were two attacks in Exarchia setting a car ablaze, followed by attacks in another 11 areas setting fires in garbage collection bins and setting one more car ablaze. According to police reports, there were no injuries and no detentions or arrests. [size=no report]",0,1558455859,GRC
5192404,300,GRC726,726,"13 May 2019",2019,1,Riots,"Mob violence","Rioters (Greece)",,5,"Civilians (Greece)","SYRIZA: Coalition of the Radical Left",7,57,Europe,Greece,Attica,Athens,"Central Athens",Athens,37.9833,23.7333,1,"To Vima",National,"On 13 May, supporters of Dimitris Koufodinas targeted the central offices of SYRIZA and another five SYRIZA offices in western Athens causing material damage and splashing paint. On the same day, they rallied in front of the Acropolis museum and unfurled a banner demonstrating against the rejection of a seventh furlough for the jailed hitman of the now defunct group November 17, who is on hunger strike. [size=no report]",0,1558455859,GRC
5180699,300,GRC722,722,"10 May 2019",2019,1,Riots,"Mob violence","Rioters (Greece)",,5,"Civilians (Greece)",,7,57,Europe,Greece,Attica,Athens,"Central Athens",Athens,37.9833,23.7333,3,"To Vima",National,"On 10 May, unidentified assailants vandalised the campaign offices in various Attica locations [unspecified, coded to Athens] of the ""New Beginning in Attica"" candidate mayor for Athens. [size=no report]",0,1557848407,GRC
5211270,804,UKR20532,20532,"07 May 2019",2019,1,Riots,"Mob violence","Rioters (Ukraine)",,5,"Civilians (Ukraine)","Journalists (Ukraine)",7,57,Europe,Ukraine,Odessa,"Odessa Municipality",,Odessa,46.4639,30.7386,1,"Human Rights Information Centre",National,"On 7 May, unidentified individuals poured a bucket of raw sewage on a local journalist in Odessa after she wrote critically about construction on the territory of an open-air theatre.",0,1559689850,UKR
5142171,804,UKR18867,18867,"19 April 2019",2019,1,Protests,"Protest with intervention","Protesters (Ukraine)",,6,"Protesters (Ukraine)","BPP-S: Petro Poroshenko Bloc-Solidarity; Police Forces of Ukraine (2014-)",6,66,Europe,Ukraine,Odessa,"Odessa Municipality",,Odessa,46.4639,30.7386,1,"Liveuamap; Bykvu",Other-National,"On 19 April, a group of deputies of the Petro Poroshenko Bloc supported a demonstration of activists against the use of an open-air theatre for concerts in Odessa. Another group of people poured a bucket of raw sewage on the deputies. Two people were arrested. [size=no report]",0,1556032413,UKR
5538601,804,UKR17990,17990,"30 March 2019",2019,1,"Violence against civilians",Attack,"Unidentified Armed Group (Ukraine)",,3,"Civilians (Ukraine)","Military Forces of Ukraine (2014-) National Guard",7,37,Europe,Ukraine,Odessa,"Odessa Municipality",,Odessa,46.4639,30.7386,1,"5 Kanal; Liveuamap; Ministry of Internal Affairs of Ukraine",Other-National,"On 30 March, after a car hit three National Guard soldiers in Odessa, killing one of them and severely wounding the other two, an unidentified man approached the victims and started beating them [fatality not coded being a result of a road accident].",0,1561483066,UKR
5535459,112,BLR146,146,"24 March 2019",2019,1,Protests,"Protest with intervention","Protesters (Belarus)","BCD: Belarusian Christian Democracy; MF: Young Front",6,"Police Forces of Belarus (1994-)",,1,16,Europe,Belarus,Minsk,"City of Minsk",,Minsk,53.9,27.5667,1,"RFE/RL; AP; Viasna; Svaboda.org",National-International,"On 24 March, a commemoration rally of about 2000 people [size=2000] took place in Minsk's Kyiv Square to celebrate the 101st anniversary of the Belarusian People's Republic. Zmitser Dashkevich of the Young Front was arrested after an anti-governmental speech, while a political activist Natalya Basalyga and a BCD member Vitaly Rymashevsky were arrested during the rally.",0,1561483030,BLR
5081656,300,GRC608,608,"20 March 2019",2019,1,"Violence against civilians",Attack,"Police Forces of Greece (2015-)",,1,"Civilians (Guinea)","Refugees/IDPs (Guinea)",7,17,Europe,Greece,Attica,Athens,"Central Athens",Athens,37.9833,23.7333,1,"To Pontiki",National,"On 20 March, police in Athens beat and insulted an asylum-seeker from Guinea who was trying to receive the 90 euros allocated to refugees by UNHCR. The police officers arrested him using excessive force, holding him down on the pavement and kicking his leg on a pre-existing injury from torture and punching him on the face and back. When he requested to go to hospital they said ""Die here, not in hospital"" and ""Black go back to your country"".",0,1553853272,GRC
5102173,804,UKR16586,16586,"26 February 2019",2019,1,Protests,"Protest with intervention","Protesters (Ukraine)",,6,"Police Forces of Ukraine (2014-)",,1,16,Europe,Ukraine,Odessa,"Odessa Municipality",,Odessa,46.4639,30.7386,1,"Human Rights Information Centre",National,"On 26 February, activists held a demonstration [size= no report] near a seaport in Odessa demanding an effective investigation into the murder of Kateryna Hanzyuk. Two of the activists were arrested and soon released.",0,1553853296,UKR
5084566,643,RUS1764,1764,"14 February 2019",2019,1,"Violence against civilians","Abduction/forced disappearance","Police Forces of Russia (2000-)",,1,"Civilians (Tajikistan)","NAT: National Alliance of Tajikistan",7,17,Europe,Russia,Moscow,"Moscow Municipality",,Moscow,55.7522,37.6156,2,"BBC Monitoring",International,"On February 14, 2019, Sharofiddin Gadoyev, a Tajik opposition politician and deputy leader of the National Alliance of Tajikistan, was reportedly abducted in Moscow while meeting with Russian security officials and transported to Tajikistan against his will. Tajik authorities released a statement that Gadoyev returned to Tajikistan of his own free will, but on February 20 NAT released a pre-recorded statement of Gadoyev stating that he had no intentions of returning to Tajikistan and that the video is a precaution to be released on an event of his death or disappearance.",0,1553853275,RUS
5536255,643,RUS1689,1689,"01 February 2019",2019,1,"Violence against civilians",Attack,"Police Forces of Russia (2000-)",,1,"Civilians (Russia)","NO: People's Defence",7,17,Europe,Russia,Moscow,"Moscow Municipality",,Moscow,55.7522,37.6156,1,"Meduza; Interfax; Kommersant; Avtonom.ru; RFE/RL; OVD Info",National-International,"On Friday, February 1, 2019, Moscow police detained at least 6 individuals thought to be members of various anarchist groups, including People's Defence (Narodnaya Oborona). Some of the detained are allegedly suspected of planting a fake bomb in Balashiha. 5 of the detainees were later released, but the remaining one, Azat Miftahov, a student at MGU, was being held without access to a lawyer and was being tortured in detention. The released detainees also reported being tortured.",0,1561483035,RUS
5537916,804,UKR14808,14808,"15 January 2019",2019,1,Riots,"Violent demonstration","Rioters (Ukraine)",,5,"Police Forces of Ukraine (2014-)",,1,15,Europe,Ukraine,Odessa,"Odessa Municipality",,Odessa,46.4639,30.7386,1,"Ukraine General Newswire; Interfax; Dumskaya; Liveuamap; Ukrayinska Pravda; OSCE SMM-Ukraine",Other-Subnational,"On Jan. 15 2019, up to 30 people gathered outside of the Consulate General of the Russian Federation in Odessa, Ukraine, to express support of Ukrainian Navy servicemen detained by Russia. Two people were arrested after the protesters began to splash red paint near the building.",0,1561483059,UKR
5084438,643,RUS1636,1636,"09 January 2019",2019,1,"Violence against civilians",Attack,"Unidentified Armed Group (Russia)",,3,"Civilians (Russia)","KPRF: Communist Party of the Russian Federation",7,37,Europe,Russia,Moscow,"Moscow Municipality",,Moscow,55.7522,37.6156,2,Meduza,National,"On Wednesday, January 9, 2019, unknown assailants assaulted Kirill Chirkin, a municipal deputy of the Lomonosov district from KPRF. Chirkin didn't report any major injuries as a result of the attack.",0,1553853275,RUS
5537802,804,UKR14115,14115,"25 December 2018",2018,1,Protests,"Protest with intervention","Protesters (Ukraine)","AutoMaidan; National Corps Party",6,"Police Forces of Ukraine (2014-)",,1,16,Europe,Ukraine,Odessa,"Odessa Municipality",,Odessa,46.4639,30.7386,1,"Hromadske Radio; Novyny; Liveuamap",Other-National,"On Dec. 25 2018, local residents, AutoMaidan activists and members of National Corps gathered near a World War II memorial in Odessa, Ukraine, and dismantled a construction fence there claiming it was erected illegally. Three people were detained, including the leader of the Odessa AutoMaidan Vitalii Ustymenko.",0,1561483059,UKR
5536213,643,RUS1550,1550,"03 December 2018",2018,1,"Violence against civilians",Attack,"Unidentified Armed Group (Russia)",,3,"Civilians (Russia)",Alternativa,7,37,Europe,Russia,Moscow,"Moscow Municipality",,Moscow,55.7522,37.6156,3,"RFE/RL; Meduza",National-International,"On Monday, December 3, an unknown assailant attacked and stabbed Oleg Melnikov - the founder of Alternativa, a movement against modern slavery near his residence in the Moscow region. Melnikov was stabbed 3 times but didn't sustain major injuries and left the hospital that same day.",0,1561483035,RUS
5535619,300,GRC290,290,"29 November 2018",2018,1,Riots,"Violent demonstration","Rioters (Greece)","Students (Greece)",5,"Police Forces of Greece (2015-)",,1,15,Europe,Greece,Attica,Athens,"Central Athens",Athens,37.9833,23.7333,1,"AP; Ekathimerini",National-International,"On Nov. 29, 2018: Around 100 students, after demonstrating against the name deal between Greece and Macedonia, threw stones at police, who fired tear gas to disperse them. Four rioters, all minors, were arrested for public disturbance.",0,1561483030,GRC
5098511,804,UKR12924,12924,"29 November 2018",2018,1,"Violence against civilians",Attack,"Military Forces of Ukraine (2014-)",,1,"Civilians (Ukraine)","Journalists (Ukraine)",7,17,Europe,Ukraine,"Kiev City",Kiev,,Kiev,50.4496,30.5224,1,"Ukraine General Newswire",Regional,"On Nov. 29 2018, after the arrest of the Ukrainian blogger Oleksandr Baraboshko in Kiev, Ukraine, members of the military prosecutor's office inflicted light bodily injuries on him and tried to obtain evidence by force.",0,1553853291,UKR
5537367,804,UKR12790,12790,"26 November 2018",2018,1,Riots,"Violent demonstration","Rioters (Ukraine)",,5,,,0,50,Europe,Ukraine,Odessa,"Odessa Municipality",,Odessa,46.4639,30.7386,1,"Deutsche Welle; OSCE SMM-Ukraine; Liveuamap",Other-National,"On Nov. 26 2018, about 100 protesters gathered in front of the building of the Consulate-General of the Russian Federation, some of whom threw fire crackers at the building in Odessa. They protested against Russian aggression on Ukrainian navy vessels in Kerch Strait.",0,1561483052,UKR
5537345,804,UKR12717,12717,"25 November 2018",2018,2,Riots,"Violent demonstration","Rioters (Ukraine)","National Corps Party",5,,,0,50,Europe,Ukraine,"Kiev City",Kiev,,Kiev,50.4496,30.5224,1,"Sputnik News Service; Interfax; ITAR-TASS; Liveuamap; AP; OSCE SMM-Ukraine; RFE/RL; Deutsche Welle",Other-National,"On Nov. 25-26 2018, about 300 rioters gathered in front of the Russian Embassy in Kiev protesting against Russian aggression on Ukrainian navy vessels in Kerch Strait. Rioters deployed smoke bombs at the Embassy, fired flares and lit a diplomatic vehicle on fire.",0,1561483052,UKR
5537298,804,UKR12563,12563,"21 November 2018",2018,1,Riots,"Violent demonstration","Rioters (Ukraine)",,5,"Police Forces of Ukraine (2014-) Security Service of Ukraine",,1,15,Europe,Ukraine,"Kiev City",Kiev,,Kiev,50.4496,30.5224,1,"Interfax; Ukrainian News Agency",National-Regional,"On Nov. 21 2018, several people were detained in Kiev's Independence Square overnight as they protested against the planned opening of a KFC restaurant in the building that hosted the Euromaidan HQ and burnt out when riot police stormed it in 2014. The protesters insisted that the location for the restaurant was ""inappropriate"". Police arrived and started detaining people for hooliganism. Law enforcers used tear gas and batons when the protesters resisted.",0,1561483052,UKR
5537257,804,UKR12430,12430,"18 November 2018",2018,1,Protests,"Protest with intervention","Protesters (Ukraine)","Journalists (International); LGBT (Ukraine)",6,"Rioters (Ukraine)",,5,56,Europe,Ukraine,"Kiev City",Kiev,,Kiev,50.4496,30.5224,1,"ITAR-TASS; Liveuamap; AFP; Human Rights Information Centre; RFE/RL",Other-National,"On Nov. 18 2018, about 40 representatives of LGBT rights activists were forced to cancel a demonstration in Shevchenko Park in Kyiv after far-fight counterdemonstrators assaulted several protesters and attacked a Canadian journalist trying to cover the event. Two women attacked with pepper spray were given first aid at the scene.",0,1561483052,UKR
5206432,643,RUS1487,1487,"08 November 2018",2018,1,"Violence against civilians",Attack,"Unidentified Armed Group (Russia)",,3,"Civilians (Russia)","LGBT (Russia)",7,37,Europe,Russia,Moscow,"Moscow Municipality",,Moscow,55.7522,37.6156,1,"Nastoyashee Vremya",International,"On 08 November 2018, an unidentified individual sprayed gas at the face of volunteers participating in the organisation of a conference about LGBT+ families and unions in Moscow.",0,1559160534,RUS
5198691,300,GRC262,262,"06 November 2018",2018,1,Riots,"Violent demonstration","Rioters (Greece)","LGBT (Greece)",5,,,0,50,Europe,Greece,Attica,Athens,"Central Athens",Athens,37.9833,23.7333,1,Ekathimerini,National,"On Nov. 6, 2018: Unknown individuals vandalized a bank branch as a demonstration at the death of Zak Kostopoulos, an LGBTQ activist who died in October after being attacked by a jewellery store owner and another man in downtown Athens. The assailants spray-painted slogans about Kostopoulos, shattered the windows and destroyed an ATM.",0,1559160369,GRC
5536178,643,RUS1448,1448,"28 October 2018",2018,1,Protests,"Protest with intervention","Protesters (Russia)","SERB: South East Radical Block",6,"Police Forces of Russia (2000-)",,1,16,Europe,Russia,Moscow,"Moscow Municipality",,Moscow,55.7522,37.6156,1,"Meduza; TV Rain; AP; AFP; RFE/RL; Novaya Gazeta; OVD Info",National-International,"On Sunday, October 28 around 200 protesters took part in an unauthorized rally in Moscow opposing the arrests of the activists arrested in the ""Novoe Velichiye"" and ""Set'"" cases for allegedly belonging to an extremist group. Between 18 and 50 protesters were detained by local police. Some SERB members were reportedly involved.",0,1561483035,RUS
5107504,643,RUS2030,2030,"28 October 2018",2018,1,Protests,"Protest with intervention","Protesters (Russia)",,6,"Police Forces of Russia (2000-)",,1,16,Europe,Russia,Moscow,"Moscow Municipality",,Moscow,55.7522,37.6156,1,Znak,National,"On 28 October, an unauthorized rally 'For our and your children' [size=no report] was held in front of the Federal Security Service building in Moscow, organized by the parents and supporters of the defendants in the criminal cases ""Novogo Velichiya"" and ""Seti"". 14 people were detained as they marched in the center of Moscow. No clashes were reported.",0,1554214123,RUS
5536166,643,RUS1407,1407,"13 October 2018",2018,1,Protests,"Protest with intervention","Protesters (Russia)","Timeless Protest; Labour Group (Russia)",6,"Police Forces of Russia (2000-)",,1,16,Europe,Russia,Moscow,"Moscow Municipality",,Moscow,55.7522,37.6156,1,"OVD Info",National,"On Saturday, October 13th Moscow police detained two at a silent protest organized by the Timeless Protest movement opposing the proposed pensions reform.",0,1561483035,RUS
5536158,643,RUS1378,1378,"07 October 2018",2018,1,Protests,"Protest with intervention","Protesters (Russia)",Vesna,6,"Police Forces of Russia (2000-)",,1,16,Europe,Russia,Moscow,"Moscow Municipality",,Moscow,55.7522,37.6156,1,"BBC Monitoring; OVD Info",National-International,"On 07 October 2018, 3 members of the youth movement ""Vesna"" were detained and questioned by Moscow police during an authorized protest action timed to coincide with Vladimir Putin's birthday on the same day.",0,1561483035,RUS
5084154,643,RUS1352,1352,"01 October 2018",2018,1,"Violence against civilians",Attack,"Police Forces of Russia (2000-)",,1,"Civilians (Russia)",,7,17,Europe,Russia,Moscow,"Moscow Municipality",,Moscow,55.7522,37.6156,1,RFE/RL,International,"On 01 October 2018, two police officers off duty shot a passer-by in Moscow after the later made a comment on the behaviour of the police officers who were shooting in the air.",0,1553853275,RUS
5542844,804,UKR9787,9787,"24 September 2018",2018,1,Riots,"Mob violence","Rioters (Ukraine)","Vigilante Group (Ukraine); Far Right Group (Ukraine)",5,"Civilians (Ukraine)","Black Flag",7,57,Europe,Ukraine,Lviv,"Lviv Municipality",,Lviv,49.8407,24.0305,1,"UA:Pershiy; Human Rights Information Centre",National,"On 24 September 2018 in Lviv, 20-far right vigilantes armed with bats and knifes attacked a group of 4 anarchists from Black Flag organisation. 4 were injured and hospitalized.",0,1561483109,UKR
5084119,643,RUS1317,1317,"23 September 2018",2018,1,Riots,"Violent demonstration","Police Forces of Russia (2000-)",,1,"Rioters (Russia)","OR: The Other Russia",5,15,Europe,Russia,Moscow,"Moscow Municipality",,Moscow,55.7522,37.6156,1,"OVD Info",National,"On 23 September, 2018, seven members of Other Russia were detained during a demonstration against the oil-chemical plant. The demonstrators put some fireworks and threw smoke grenades at the plant.",0,1553853275,RUS
5084120,643,RUS1318,1318,"23 September 2018",2018,1,Protests,"Protest with intervention","Protesters (Russia)","Timeless Protest; Labour Group (Russia)",6,"Police Forces of Russia (2000-)",,1,16,Europe,Russia,Moscow,"Moscow Municipality",,Moscow,55.7522,37.6156,1,"OVD Info",National,"On 23 September, 2018, in total four participants of Bessrochny Protest were detained in Moscow. Bessrochny Protest is held in many cities across Russia following anti-pension reform protests of September 9. The protesters rally against the pension reforms and Government in general.",0,1553853275,RUS
5084091,643,RUS1289,1289,"22 September 2018",2018,1,Protests,"Protest with intervention","Protesters (Russia)","Timeless Protest; Labour Group (Russia)",6,"Police Forces of Russia (2000-)",,1,16,Europe,Russia,Moscow,"Moscow Municipality",,Moscow,55.7522,37.6156,1,"Novaya Gazeta",National,"On 22 September, 2018, several protesters of Bessrochny Protest were detained in Moscow. Bessrochny Protest is taking place across many cities in Moscow, following the anti-pension reform protests.",0,1553853275,RUS
5542801,804,UKR9706,9706,"22 September 2018",2018,1,"Violence against civilians",Attack,"Unidentified Armed Group (Ukraine)",,3,"Civilians (Ukraine)","People's Will Party",7,37,Europe,Ukraine,Odessa,"Odessa Municipality",,Odessa,46.4639,30.7386,1,"Insider; UA:Pershiy; Liveuamap; Human Rights Information Centre",Other-National,"On 22 September 2018 at 21:30, in Odessa, an unidentified armed man shot prominent activist Oleg Mykhailik. Oleg heads local branch of People's Will Party.",0,1561483108,UKR
5535590,300,GRC225,225,"18 September 2018",2018,1,Riots,"Violent demonstration","Rioters (Greece)",,5,"Police Forces of Greece (2015-)",,1,15,Europe,Greece,Attica,Athens,"Central Athens",Athens,37.9833,23.7333,1,"Greek Reporter; Xinhua; AP",International,"On Sept. 18, 2018: Anti-fascist groups organized a demonstration in Athens to mark the five-year anniversary of the killing of musician Pavlos Fyssas by a far-right party Golden Dawn supporter. Demonstrators marched from the site where the killing took place to Golden Dawn's offices. Minor scuffles occurred when hooded demonstrators threw rocks at riot policemen who responded by using tear gas.",0,1561483030,GRC
5535588,300,GRC223,223,"17 September 2018",2018,1,Riots,"Violent demonstration","Rioters (Greece)",Rouvikonas,5,"Police Forces of Greece (2015-)",,1,15,Europe,Greece,Attica,Athens,"Central Athens",Athens,37.9833,23.7333,1,"AFP; Greek Reporter; Ekathimerini",National-Regional,"On Sept. 17, 2018: An anarchist group of about 10 people attacked the Iranian embassy in Athens, smashing windows and throwing red paint in the courtyard demonstrating against Tehran's treatment of its Kurdish population. The attack was later claimed by Rouvikonas. The police officer on guard duty at the time of the attack was put under investigation for his handling of the incident, as video footage revealed he did not protect the embassy and was not dressed in his uniform.",0,1561483030,GRC
5535589,300,GRC224,224,"17 September 2018",2018,1,Riots,"Violent demonstration","Rioters (Greece)",Rouvikonas,5,"Civilians (Greece)","Government of Iran (1989-)",7,57,Europe,Greece,Attica,Athens,"Central Athens",Athens,37.9833,23.7333,1,"AFP; Greek Reporter; Ekathimerini",National-Regional,"On Sept. 17, 2018: An anarchist group of about 10 people attacked the Iranian embassy in Athens, smashing windows and throwing red paint in the courtyard in protest at Tehran's treatment of its Kurdish population. The attack was later claimed by Rouvikonas. The police officer on guard duty at the time of the attack was put under investigation for his handling of the incident, as video footage revealed he did not protect the embassy and was not dressed in his uniform.",0,1561483030,GRC
5084037,643,RUS1235,1235,"16 September 2018",2018,1,Protests,"Protest with intervention","Protesters (Russia)","Timeless Protest",6,"Police Forces of Russia (2000-)",,1,16,Europe,Russia,Moscow,"Moscow Municipality",,Moscow,55.7522,37.6156,1,"OVD Info",National,"On 16 September, 2018, 5 protesters of Bessrochny Protest were detained in Moscow. Another 10 were reported detained at another location in Moscow.",0,1553853275,RUS
5084022,643,RUS1220,1220,"12 September 2018",2018,1,Protests,"Protest with intervention","Protesters (Russia)",,6,"Police Forces of Russia (2000-)",,1,16,Europe,Russia,Moscow,"Moscow Municipality",,Moscow,55.7522,37.6156,1,"OVD Info",National,"On 12 September, 2018, few protesters of Besrochny Protest in Moscow were detained",0,1553853275,RUS
5084016,643,RUS1214,1214,"11 September 2018",2018,1,Protests,"Protest with intervention","Protesters (Russia)","Timeless Protest",6,"Police Forces of Russia (2000-)",,1,16,Europe,Russia,Moscow,"Moscow Municipality",,Moscow,55.7522,37.6156,1,"OVD Info",National,"On 11 September, 2018, few protesters of Besrochny Protest in Moscow were detained",0,1553853274,RUS
5084015,643,RUS1213,1213,"10 September 2018",2018,1,Protests,"Protest with intervention","Protesters (Russia)","Labour Group (Russia)",6,"Police Forces of Russia (2000-)",,1,16,Europe,Russia,Moscow,"Moscow Municipality",,Moscow,55.7522,37.6156,1,AP,International,"On 10 September, protesters tried to hold another rally in Moscow against pension reforms, but were prevented by the police",0,1553853274,RUS
5083985,643,RUS1183,1183,"09 September 2018",2018,1,Protests,"Protest with intervention","Protesters (Russia)","Labour Group (Russia)",6,"Police Forces of Russia (2000-)",,1,16,Europe,Russia,Moscow,"Moscow Municipality",,Moscow,55.7522,37.6156,1,"OVD Info; AP",National-International,"On 9 September 2018, protest against pension reform was held in Moscow, which reportedly ended up in detention of up to 50 people. Additionally, two men were charged with assailing police.",0,1553853274,RUS
5083951,643,RUS1149,1149,"07 September 2018",2018,1,"Violence against civilians",Attack,"Unidentified Armed Group (Russia)","Lev Protiv",3,"Civilians (Russia)",,7,37,Europe,Russia,Moscow,"Moscow Municipality",,Moscow,55.7522,37.6156,1,"360 TV",National,"On Sept. 7, 2018: Members of the activist group against drinking alcohol in public places Lev Protiv beat up several people, who they assumed had been drinking. The incident was reported by a woman, who said some of the civilians were disabled and all of them seemed sober. A friend of a disabled person who was among the assaulted group also said that Lev Protiv exercised violence against disabled people.",0,1553853274,RUS
5083954,643,RUS1152,1152,"07 September 2018",2018,1,"Violence against civilians",Attack,"SERB: South East Radical Block",,3,"Civilians (Russia)",,7,37,Europe,Russia,Moscow,"Moscow Municipality",,Moscow,55.7522,37.6156,1,RFE/RL,International,"On the night of 7-8 September, SERB activists attacked two volunteers guarding the Nemtsov's memorial in Moscow.",0,1553853274,RUS
5081257,300,GRC209,209,"06 September 2018",2018,1,Riots,"Violent demonstration","Rioters (Greece)",Rouvikonas,5,,,0,50,Europe,Greece,Attica,Athens,"Central Athens",Athens,37.9833,23.7333,1,Ekathimerini,National,"On Sept. 6, 2018: Anarchist group Rouvikonas invaded the Ministry of Agricultural Development in Athens and scattered fliers with anti-austerity slogans. 10 suspects were detained later.",0,1553853271,GRC
5079854,112,BLR80,80,"05 September 2018",2018,1,Protests,"Protest with intervention","Protesters (Belarus)","BCD: Belarusian Christian Democracy",6,"Police Forces of Belarus (1994-)",,1,16,Europe,Belarus,Minsk,"City of Minsk",,Minsk,53.9,27.5667,3,"BelaPAN; Svaboda.org",National,"On September 5th 2018, in Minsk, prominent Belarusian opposition leader Pavel Sevyarynets was arrested and placed in a detention facility. As Mr Sevyarynets told BelaPAN earlier in the day, he was apprehended by police at about 2 p.m., as soon as he arrived at Kurapaty, a Stalin-era mass execution site.",0,1553853269,BLR
5083944,643,RUS1142,1142,"05 September 2018",2018,1,Protests,"Excessive force against protesters","Protesters (Russia)","Green Alliance",6,"Unidentified Armed Group (Russia)",,3,36,Europe,Russia,Moscow,"Moscow Municipality",,Moscow,55.7522,37.6156,1,"BBC Monitoring",International,"On 5 September, a car drove into a group of protesters in Moscow and gunfire was opened by people from another car. The attacks targeted an event supporting Green Alliance candidate for the position of Moscow Governor. The event was also a protest against construction of a plant and landfill.",0,1553853274,RUS
5094566,804,UKR8979,8979,"05 September 2018",2018,1,"Violence against civilians",Attack,"Unidentified Armed Group (Ukraine)",,3,"Civilians (Ukraine)",,7,37,Europe,Ukraine,Odessa,"Odessa Municipality",,Odessa,46.4639,30.7386,1,"Liveuamap; Priamyi",Other-National,"On 5 September 2018, in Odessa, unidentified person shot with small firearms at renown activist Andriy Vagapov, the victim sustained injures to his legs and was hospitalized. Vagapov is a lawyer and member of public coordination council of National Police in Odessa Region.",0,1553853286,UKR
5535507,112,BLR79,79,"01 September 2018",2018,1,Protests,"Protest with intervention","Protesters (Belarus)",,6,"Police Forces of Belarus (1994-)",,1,16,Europe,Belarus,Minsk,"City of Minsk",,Minsk,53.9,27.5667,1,"Nasha Niva; BelaPAN; TUT.BY",National,"On September 1st 2018, in Minsk, three opposition activists were arrested by police outside a restaurant near Kurapaty, a Stalin-era mass execution site, after protesters were assaulted by the restaurant's security.",0,1561483030,BLR
5535889,498,MDA149,149,"01 September 2018",2018,1,Protests,"Protest with intervention","Protesters (Moldova)","Youth of Moldova; Unirea-ODIP; Alliance for the Centenary; BUN: National Unity Bloc; Protesters (Romania); Labour Group (Moldova)",6,"Police Forces of Moldova (2016-2019)",,1,16,Europe,Moldova,Chisinau,,,Chisinau,47.0056,28.8575,2,"Digi24; Unimedia; Mesager; Ziarul de Garda",National-Regional,"On September 1st, the Moldovan policeman stopped three buses with supporters of Moldova-Romania Union outside Chisinau. Several unionists were forcefully removed from the buses for searches.",0,1561483035,MDA
5083886,643,RUS1084,1084,"31 August 2018",2018,1,Protests,"Protest with intervention","Protesters (Russia)","OR: The Other Russia",6,"Police Forces of Russia (2000-)",,1,16,Europe,Russia,Moscow,"Moscow Municipality",,Moscow,55.7522,37.6156,1,Meduza,National,"On 31 August, six people were detained in Moscow following an unsanctioned protest in demand of freedom of speech. The rally was organized by Other Russia activists.",0,1553853274,RUS
5083864,643,RUS1062,1062,"25 August 2018",2018,1,Protests,"Protest with intervention","Protesters (Russia)",,6,"Police Forces of Russia (2000-)",,1,16,Europe,Russia,Moscow,"Moscow Municipality",,Moscow,55.7522,37.6156,1,"OVD Info",National,"On 25 August, participants of the rally in memory of Demonstration of Seven were detained in Moscow.",0,1553853274,RUS
5535506,112,BLR78,78,"24 August 2018",2018,1,Protests,"Protest with intervention","Protesters (Belarus)","Labour Group (Belarus); MFF: Movement 'For Freedom'",6,"Police Forces of Belarus (1994-)",,1,16,Europe,Belarus,Minsk,"City of Minsk",,Minsk,53.9,27.5667,1,"Viasna; Nasha Niva; RFE/RL; BelaPAN; Svaboda.org",National-International,"On August 24th 2018, in Minsk, some 20 opposition activists were arrested outside the House of Justice in Minsk on 24 August for protesting the conviction of labour union leaders Henadz Fyadynich and Ihar Komlik. The latters, two Belarusian independent trade union leaders involved in organizing street protests in 2017 have been sentenced to four years of ""restricted freedom"" on the same day.",0,1561483030,BLR
5093544,804,UKR7957,7957,"06 August 2018",2018,1,"Violence against civilians",Attack,"Unidentified Armed Group (Russia)","Chechen Ethnic Group (Russia)",3,"Civilians (Ukraine)","Journalists (Ukraine)",7,37,Europe,Ukraine,"Kiev City",Kiev,,Kiev,50.4496,30.5224,2,"Ukrainian News Agency",National,"On 6 August 2018, a TV journalist of the ""Extraordinary News"" programme [on a popular ICTV channel], Viktoriya Senyk, and her parents' house outside Kyiv was attacked. The police unit did not managed to detain the attackers, who fled by car. One of the attackers was allegedly identified. Preliminarily, he is from a Chechen criminal group and was placed on the wanted list.",0,1553853285,UKR
5535578,300,GRC196,196,"03 August 2018",2018,1,Riots,"Violent demonstration","Rioters (Greece)",Rouvikonas,5,"Civilians (Greece)","Government of Greece (2015-)",7,57,Europe,Greece,Attica,Athens,"Central Athens",Athens,37.9833,23.7333,1,"Greek Reporter; Ekathimerini",National-International,"On Aug. 3, 2018: Anti-establishment group Rouvikonas staged a paint attack on the General Secretariat for Public Works on Alexandras Avenue in Athens. The act of vandalism was a protest at the government's slow response to the wildfires that struck Attica last month.",0,1561483030,GRC
5093421,804,UKR7834,7834,"02 August 2018",2018,1,"Violence against civilians",Attack,"Unidentified Armed Group (Ukraine)",,3,"Civilians (Ukraine)","People's Movement of Ukraine",7,37,Europe,Ukraine,Odessa,"Odessa Municipality",,Odessa,46.4639,30.7386,1,"BBC Monitoring",International,"On 2 August 2018, in Odessa, a lorry rammed a car of local activists, the leader of the People's Movement of Ukraine party (Narodnyy Rukh Ukrayiny), Hryhoriy Kozma, and his colleague Mykhaylo Kuzakon. Police have opened a criminal case over attempted murder. Kuzakon linked the accident to his social and political activities, suggesting that ""representatives of local authorities"" were behind the attack.",0,1553853285,UKR
5092893,804,UKR7306,7306,"17 July 2018",2018,1,"Violence against civilians",Attack,"Unidentified Armed Group (Ukraine)",,3,"Civilians (Ukraine)",,7,37,Europe,Ukraine,"Kiev City",Kiev,,Kiev,50.4496,30.5224,1,Intellinews,International,"On 17 July 2018, Vitaliy Shabunin, the head of the Anticorruption Action Centre in Kyiv, was attacked with antiseptic liquid thrown at his face for attempting to confront a politician.",0,1553853284,UKR
5092871,804,UKR7284,7284,"16 July 2018",2018,1,"Violence against civilians",Attack,"Police Forces of Ukraine (2014-)",,1,"Civilians (Ukraine)","Journalists (Ukraine)",7,17,Europe,Ukraine,Odessa,"Odessa Municipality",,Odessa,46.4639,30.7386,1,"OSCE SMM-Ukraine",National,"On Jul. 16 2018, two members of the local municipal police forces 'Municipal Guard' pepper sprayed and beat three journalists in Odessa, Ukraine.",0,1553853284,UKR
5083720,643,RUS918,918,"15 July 2018",2018,1,Protests,"Protest with intervention","Protesters (Russia)","Pussy Riot",6,"Police Forces of Russia (2000-)",,1,16,Europe,Russia,Moscow,"Moscow Municipality",,Moscow,55.7522,37.6156,1,"BBC Monitoring; Interfax",National-International,"On 15th June, four members of the protest group Pussy Riot invaded the pitch during a match of the World Cup. They were dressed in police uniforms and wanted to protest against police abuses this way. All of them were detained and then sentenced to 15 days in administrative detention.",0,1553853274,RUS
5536524,643,RUS910,910,"09 July 2018",2018,1,Protests,"Protest with intervention","Protesters (Russia)",,6,"Police Forces of Russia (2000-)",,1,16,Europe,Russia,Moscow,"Moscow Municipality",,Moscow,55.7522,37.6156,1,"RFE/RL; Interfax",National-International,"On July 9, two important senior members of the Memorial international center, Oleg Orlov and Svetlana Gannushkina have been detained and later released over violation of a public event rules, respectively for holding a picket in support of the Memorial's Chechen branch leader Oyub Titiyev. They may be fined or punished other way in the future.",0,1561483044,RUS
5092595,804,UKR7008,7008,"08 July 2018",2018,1,"Explosions/Remote violence",Grenade,"Unidentified Armed Group (Ukraine)",,3,"Civilians (Ukraine)",,7,37,Europe,Ukraine,Lviv,"Lviv Municipality",,Lviv,49.8407,24.0305,1,Novyny,National,"On Jul. 8 2018, a grenade exploded in Lviv, Ukraine, killing a man and injuring a woman.",1,1553853284,UKR
5206442,112,BLR67,67,"04 July 2018",2018,1,"Violence against civilians",Attack,"Unidentified Armed Group (Belarus)",,3,"Civilians (Belarus)","LGBT (Belarus)",7,37,Europe,Belarus,Gomel,Gomel,,Gomel,52.4345,30.9754,1,BelaPAN,National,"On July 4th 2018, in Homel, 11 teenagers used the Internet to lure at least three gay men into meeting them. The young men reportedly threatened their victims with violence, beat them up, douse them with an antiseptic green dye and filmed the abuse. A group of 11 teenagers resident in Homel and the Homel region have been given suspended prison sentences ranging from one to two years for violence and bullying against gay men.",0,1559160534,BLR
5535504,112,BLR66,66,"03 July 2018",2018,1,Protests,"Protest with intervention","Protesters (Belarus)","BSDP-PA: Belarusian Social Democratic Party-People's Assembly; Orthodox Christian Group (Belarus)",6,"Police Forces of Belarus (1994-)",,1,16,Europe,Belarus,Minsk,"City of Minsk",,Minsk,53.9,27.5667,1,"Viasna; AP; Nasha Niva; Charter-97; TUT.BY; RFE/RL; Svaboda.org",National-International,"On July 3rd 2018, in Minsk, about 20 to 30 protesters have been arrested including prominent Belarusian opposition figure Mikalay Statkevich and other activists have been detained by police during an unsanctioned rally in Minsk. The detainees included a priest of the Belarusian Autocephalous Orthodox Church, civic activist Nina Bahinskaya, and Belarusian Social Democratic Party (People's Hramada) members Valyantsin Trokski and Syarhey Sparysh and five observers of the Human Rights Center ""Viasna"" and BHC: Hanna Sakhankova, Andrus Krechka, Tatsiana Mastykina, Yury Miatselski and Alena Bohdan.",0,1561483030,BLR
5083692,643,RUS890,890,"03 July 2018",2018,1,Protests,"Protest with intervention","Protesters (Russia)",,6,"Police Forces of Russia (2000-)",,1,16,Europe,Russia,Moscow,"Moscow Municipality",,Moscow,55.7522,37.6156,1,RFE/RL,International,"On July 3rd, several activists held a protest in Moscow in order to aware foreign visitors of the soccer world cup about issues regarding human rights in Russia. Four of them, including minors, were briefly detained. During the protest, they were wearing bloody shirts as a sign of human rights abusing, especially the case of Oleg Sentsov.",0,1553853274,RUS
5535572,300,GRC176,176,"01 July 2018",2018,1,Riots,"Violent demonstration","Rioters (Greece)",,5,"Police Forces of Greece (2015-)",,1,15,Europe,Greece,Attica,Athens,"Central Athens",Athens,37.9833,23.7333,1,"Greek Reporter; Ekathimerini",National-International,"On July 1, 2018: Citizens gathered to demonstrate at Syntagma Square in Athens against the deal between Athens and Skopje over Macedonia's name. Demonstrators threw stones at and clashed with police, who used tear gas to disperse the crowds. Three rioters were detained.",0,1561483030,GRC
5535502,112,BLR60,60,"28 June 2018",2018,1,Protests,"Protest with intervention","Protesters (Belarus)","Journalists (Belarus); LGBT (Belarus)",6,"Police Forces of Belarus (1994-)",,1,16,Europe,Belarus,Minsk,"City of Minsk",,Minsk,53.9,27.5667,1,"Viasna; BelaPAN; Svaboda.org",National,"On June 28th 2018, in Minsk, Police detained three gay rights activists (students of the theater laboratory Fortinbras, Volha Ramashka, Nadzeya Krapivina and Dzmitry Yafremau) and a photojournalist during a protest outside the Interior Ministry's headquarters. The photojournalist was identified as BelaPAN's Andrey Shawlyuha. He was reportedly charged with disobedience to police orders and spent the night at a police station.",0,1561483030,BLR
5083598,643,RUS796,796,"24 June 2018",2018,1,"Violence against civilians",Attack,"Unidentified Armed Group (Russia)",,3,"Civilians (Russia)","Former Government of Russia (2000-)",7,37,Europe,Russia,Moscow,"Moscow Municipality",,Moscow,55.7522,37.6156,1,"Novye Izvestia",National,"On 24 June 2018, the former governor or Arkhangelsk and Alexander Donskoy were beaten up by unknown persons in Moscow. According to the victim, the incident is related to their performance in the 'No Necrophilia' theatre play, which refers to people queuing up to visit Lenin's Mausoleum and look at Lenin's dead body.",0,1553853274,RUS
5092050,804,UKR6463,6463,"23 June 2018",2018,2,"Explosions/Remote violence",Grenade,"Unidentified Armed Group (Ukraine)",,3,"Civilians (Ukraine)",,7,37,Europe,Ukraine,Lviv,"Lviv Municipality",,Lviv,49.8407,24.0305,1,Zaxid,Subnational,"As reported on Jun. 23 2018, unidentified individuals threw an RGD-5 grenade into a car belonging to the head of the 'Slaves are not allowed to Paradise' NGO, Ivan Sprynskyi in Lviv, Ukraine. No reports of fatalities/injuries (it is assumed the owner was not in the car at the time).",0,1553853283,UKR
5541327,804,UKR6464,6464,"23 June 2018",2018,1,"Violence against civilians",Attack,"Unidentified Armed Group (Ukraine)","Far Right Group (Ukraine)",3,"Civilians (Ukraine)","Romani Ethnic Group (Ukraine)",7,37,Europe,Ukraine,Lviv,"Lviv Municipality",,Lviv,49.8407,24.0305,2,"Interfax; Human Rights Information Centre; HRW; RFE/RL; Deutsche Welle",National-Regional,"On Jun. 23 2018, a group of masked men attacked a Roma camp near Lviv, Ukraine. The attackers killed one person, four more, including a 10-year-old child, were hospitalized with stab wounds. Eight individuals were detained. Some reports mention, the attackers might belong to a far right group who call themselves 'Sober and Angry Youth.' [Since all the previously reported attacks on Roma camps were organized by far right groups, we have included them as an associate.]",1,1561483106,UKR
5541285,804,UKR6379,6379,"21 June 2018",2018,2,"Violence against civilians",Attack,"Unidentified Armed Group (Ukraine)",,3,"Civilians (Ukraine)","LGBT (Ukraine)",7,37,Europe,Ukraine,"Kiev City",Kiev,,Kiev,50.4496,30.5224,2,"Hromadske Radio; Liveuamap; Human Rights Information Centre",Other-National,"Between Jun. 18 and Jun. 24 2018, more than 20 LGBT activists and volunteers of the March of Equality were assaulted and beaten in Kyiv, Ukraine.",0,1561483106,UKR
5083573,643,RUS771,771,"15 June 2018",2018,3,"Violence against civilians",Attack,"Unidentified Armed Group (Russia)",,3,"Civilians (Russia)",,7,37,Europe,Russia,Moscow,"Moscow Municipality",,Moscow,55.7522,37.6156,1,"Novye Izvestia",National,"In June, a person died while being detained at a local police department in Moscow. Four months later, no explanation as to what was the cause of death was provided by the department of internal affairs.",1,1553853274,RUS
5091425,804,UKR5838,5838,"08 June 2018",2018,1,"Violence against civilians",Attack,"Unidentified Armed Group (Ukraine)",,3,"Civilians (Ukraine)","Journalists (Ukraine)",7,37,Europe,Ukraine,Odessa,"Odessa Municipality",,Odessa,46.4639,30.7386,1,Taymer,Subnational,"On Jun. 8 2018, three unidentified perpetrators knocked of the feet and beat a journalist Kostyantyn Hrechanyy in Odessa, Ukraine.",0,1553853283,UKR
5541045,804,UKR5707,5707,"05 June 2018",2018,1,"Violence against civilians",Attack,"Unidentified Armed Group (Ukraine)",,3,"Civilians (Ukraine)",AutoMaidan,7,37,Europe,Ukraine,Odessa,"Odessa Municipality",,Odessa,46.4639,30.7386,1,"Ukraine General Newswire; Human Rights Information Centre",National-Regional,"On Jun. 5 2018, two men armed with knives attacked a leader of Odessa Automaidan and a member of the Public Control Council of the National Anti-Corruption Buro Vitalii Ustymenko in Odessa, Ukraine. Vitalii received a puncture wound, a stab wound, a head injury and a concussion.",0,1561483106,UKR
5091295,804,UKR5708,5708,"05 June 2018",2018,1,"Violence against civilians",Attack,"Unidentified Armed Group (Ukraine)",,3,"Civilians (Ukraine)","Government of Ukraine (2014-)",7,37,Europe,Ukraine,Odessa,"Odessa Municipality",,Odessa,46.4639,30.7386,3,Dumskaya,Subnational,"On Jun. 5 2018, an unidentified attacker shot the Chornomorsk city council official Serhiy Chervachov several times with an automatic pistol in Odessa oblast, Ukraine.",0,1553853283,UKR
5083508,643,RUS706,706,"31 May 2018",2018,2,Protests,"Protest with intervention","Protesters (Russia)",,6,"Police Forces of Russia (2000-)",,1,16,Europe,Russia,Moscow,"Moscow Municipality",,Moscow,55.7522,37.6156,1,"Obshchaya Gazeta",National,"Around 31 May 2018, several participants in a protest against the construction of an amusement wheel were detained in Moscow. Several dozen persons interrupted a meeting with the State Duma deputy from the Communist Party of the RF where the matter was being discussed.",0,1553853274,RUS
5090783,804,UKR5196,5196,"24 May 2018",2018,1,"Violence against civilians",Attack,"Unidentified Armed Group (Ukraine)",,3,"Civilians (Ukraine)","Right Sector",7,37,Europe,Ukraine,Odessa,"Odessa Municipality",,Odessa,46.4639,30.7386,1,"Sayt Goroda Odessy",Subnational,"On May 24 2018, two men armed with knifes attacked the former leader of the Odessa branch of the Right Sector Serhiy Sternenko. Serhiy Sternenko killed one of the attackers while defending himself.",1,1553853282,UKR
5090636,804,UKR5049,5049,"21 May 2018",2018,1,Riots,"Violent demonstration","Rioters (Ukraine)","DIYA: Governmental Initiative of Yarosh; National Corps Party",5,,,0,50,Europe,Ukraine,Odessa,"Odessa Municipality",,Odessa,46.4639,30.7386,1,"OSCE SMM-Ukraine",National,"On 21 May 2018, about 50 people gathered in front of the office building of a private company in Odessa, some of them wearing insignia of groups such as the State Initiative of Yarosh (DIYA), National Corps and the Council for Public Security. Some of the participants were throwing plastic bottles of water and other objects towards the private security guards and shouting slogans critical of the owner of the company. The SMM saw that one of the vehicles of the company parked nearby had broken windows and later it saw some of the rioters smashing the windows of another vehicle belonging to the company.",0,1553853282,UKR
5535499,112,BLR42,42,"19 May 2018",2018,1,"Violence against civilians",Attack,"Unidentified Armed Group (Belarus)",,3,"Civilians (Belarus)",,7,37,Europe,Belarus,Minsk,"City of Minsk",,Minsk,53.9,27.5667,1,"Belarus 24; Svaboda.org; TUT.BY",National,"On May 19th 2018, in Minsk, well-known independent economist Syarhey Chaly was beaten up by unidentified individuals. Five unknown men attacked Chaly and his companions outside a Minsk cafe, breaking his nose and inflicting serious head injuries. Five people suspected of beating Belarusian economist Syarhey Chaly have been detained.",0,1561483030,BLR
5223683,498,MDA59,59,"19 May 2018",2018,1,Protests,"Protest with intervention","Protesters (Moldova)","Orthodox Christian Group (Moldova)",6,"Police Forces of Moldova (2016-2019)",,1,16,Europe,Moldova,Chisinau,,,Chisinau,47.0056,28.8575,1,Moldova.org,National,"On May 19th, a group of Orthodox Christians held a protest in central Chisinau, condemning the LGBT solidarity march. The police intervened by setting barriers between the two crowds, but also by spraying teargas.",0,1560879044,MDA
5540619,804,UKR4793,4793,"16 May 2018",2018,1,Riots,"Violent demonstration","Rioters (Ukraine)","Right Sector; Svoboda",5,"Civilians (Ukraine)","LGBT (Ukraine)",7,57,Europe,Ukraine,"Kiev City",Kiev,,Kiev,50.4496,30.5224,1,"Hromadske Radio; Liveuamap; Human Rights Information Centre",Other-National,"On 16 May 2018, around 50 ultra-right activists disrupted a lecture on LGBT rights organized for the second time by Amnesty International. The participants of the event have recognized among the disrupters a representative of Right Sector organization and Svoboda Party.",0,1561483105,UKR
5535549,300,GRC117,117,"15 May 2018",2018,1,Riots,"Violent demonstration","Rioters (Greece)","Rioters (Palestine)",5,"Police Forces of Greece (2015-) Units for the Reinstatement of Order",,1,15,Europe,Greece,Attica,Athens,"Central Athens",Athens,37.9833,23.7333,1,"The National Herald; Ekathimerini",National-International,"On May 15 2018, Greek leftist groups and Palestinians marched from the Athens Concert Hall and nearby American Embassy in central Athens to the Israeli embassy in the north suburbs of the city to express solidarity to Palestinians following the deaths by Israeli soldiers in the Gaza Strip of Palestinian demonstrators against the opening of the US Embassy in Jerusalem. The rioters burned Israeli flags, climbed on the riot police vans waving Palestinian flags and attacked with stones and other objects the vans and the riot squad.",0,1561483030,GRC
5083437,643,RUS635,635,"13 May 2018",2018,1,Protests,"Protest with intervention","Protesters (Russia)","LF: Left Front; RPR-PARNAS: Republican Party of Russia-People's Freedom Party; GI: Civic Initiative Party; Yabloko: Russian United Democratic Party; PPR: Pirate Party of Russia; Democratic Choice; Open Russia; Black Bloc",6,"Police Forces of Russia (2000-)","Government of Russia (2000-)",1,16,Europe,Russia,Moscow,"Moscow Municipality",,Moscow,55.7522,37.6156,1,RFE/RL,International,"On 13 May 2018, 1000-3000 persons participated in a sanctioned protest against the blocking of the Telegram messaging application. The protest involved members of LF, RPR-PARNAS, GI, Yabloko, PPR, DCR, Open Russia, Black Bloc, the Nation and Freedom Committee and the National Resistance Association. 20-30 people were detained by the police forces of Russia for openly protesting for different reasons than the purpose of the rally agreed by the authorities.",0,1553853274,RUS
5536480,643,RUS616,616,"09 May 2018",2018,1,Protests,"Protest with intervention","Protesters (Russia)","LF: Left Front",6,"Police Forces of Russia (2000-)",,1,16,Europe,Russia,Moscow,"Moscow Municipality",,Moscow,55.7522,37.6156,1,"The Moscow Times; MediaZone; OVD Info",National,"On 9 May, 23 activists of the Left Front were detained as they took part in the sanctioned rally with protests banners against Vladimir Putin and Dmitry Medvedev in Moscow. They were released later on to the exception of one person.",0,1561483040,RUS
5540449,804,UKR4481,4481,"09 May 2018",2018,1,Protests,"Protest with intervention","Protesters (Ukraine)","OUN: Organization of Ukrainian Nationalists; C14; Nationalist Group (Ukraine)",6,"Police Forces of Ukraine (2014-)",,1,16,Europe,Ukraine,"Kiev City",Kiev,,Kiev,50.4496,30.5224,1,"AFP; 5 Kanal; OSCE SMM-Ukraine",National-Regional,"On 9 May 2018, in Kyiv, about 10,000 people took part in a Victory Day commemoration event marching to lay flowers near the Monument to the Unknown Soldier. Kiev police detained 14 participants for wearing banned symbols ""of the communist totalitarian regime,"" including the Saint George's ribbon. They face a fine. The SMM observed dozens of counter-demonstrators around the metro station, including from the Organization of Ukrainian Nationalists (OUN), C14 and Monolit. There were minor scuffles.",0,1561483105,UKR
5540450,804,UKR4482,4482,"09 May 2018",2018,1,"Violence against civilians",Attack,C14,,3,"Civilians (Russia)","Government of Russia (2000-)",7,37,Europe,Ukraine,"Kiev City",Kiev,,Kiev,50.4496,30.5224,1,"Sputnik News Service; AP; Interfax; RFE/RL",Regional-International,"On 9 May 2018, the director of a Russian cultural office in Kiev, Konstantin Vorobyov, was drenched with a bucketful of green antiseptic liquid (""zelenka"") mixed with faeces, with a Ukrainian C14 ultranationalist group saying it wanted to send him a message.",0,1561483105,UKR
5202895,804,UKR4351,4351,"06 May 2018",2018,1,"Violence against civilians",Attack,"Unidentified Armed Group (Ukraine)",,3,"Civilians (Ukraine)","Women (Ukraine)",7,37,Europe,Ukraine,Odessa,"Odessa Municipality",,Odessa,46.4639,30.7386,1,"OSCE SMM-Ukraine",National,"On 6 May 2018, in Odessa, a woman was attacked by an unknown young man, accompanied by another man, who called her a 'separatist' and struck her face twice, cutting her upper lip. The woman was subsequently transported to a hospital.",0,1559160529,UKR
5089785,804,UKR4198,4198,"02 May 2018",2018,1,"Violence against civilians",Attack,"National Corps Party","National Militia",3,"Civilians (Ukraine)","Ecological Platform; Military Forces of Ukraine (2014-)",7,37,Europe,Ukraine,Lviv,"Lviv Municipality",,Lviv,49.8407,24.0305,1,"Human Rights Information Centre",National,"On 2 May 2018, after a lecture at a bookstore in Lviv, a JTO serviceman and an activist of the Ecological Platform organization, Rodion Bagaev, was beaten up by a group of six men belonging to ultraright groups. The attackers were identified as members of the National Corps Party and Natsionalni Druzhyny. According to other activists of the Ecological Platform, similar attacks by the same men happened before during other leftist events in Lviv.",0,1553853281,UKR
5540285,804,UKR4202,4202,"02 May 2018",2018,1,"Violence against civilians",Attack,"Unidentified Armed Group (Ukraine)",,3,"Civilians (Ukraine)",,7,37,Europe,Ukraine,Odessa,"Odessa Municipality",,Odessa,46.4639,30.7386,1,"Sputnik News Service; OSCE SMM-Ukraine; Interfax",National-Regional,"On 2 May 2018, unidentified 'radicals' beat up a man who was laying flowers during the so-called march of Ukrainian order in central Odessa commemorating deadly fire in Odessa on 2 May 2014.",0,1561483104,UKR
5535496,112,BLR39,39,"01 May 2018",2018,1,Protests,"Protest with intervention","Protesters (Belarus)","BCDTU: Belarusian Congress of Democratic Trade Unions; BSDP-A: Belarusian Social Democratic Party-Assembly",6,"Police Forces of Belarus (1994-)",,1,16,Europe,Belarus,Minsk,"City of Minsk",,Minsk,53.9,27.5667,2,"Svaboda.org; Charter-97; BelaPAN; TUT.BY",National,"On May 1st 2018, in Minsk, some 150 people gathered in a remote park on Tuesday for a May Day rally organized by the Belarusian Congress of Democratic Trade Unions (BCDTU). Shortly afterward, as 4 BSDP-A: Belarusian Social Democratic Party-Assembly activists were leaving the venue, they were arrested and taken to a police station. On May 2, 3 our of 4 activists fined for unsanctioned rally.",0,1561483030,BLR
5180598,643,RUS473,473,"01 May 2018",2018,1,Protests,"Protest with intervention","Protesters (Russia)","SERB: South East Radical Block",6,"Police Forces of Russia (2000-)",,1,16,Europe,Russia,Moscow,"Moscow Municipality",,Moscow,55.7522,37.6156,1,Kommersant,National,"On 1 May, 2018 it was reported that law enforcement officials detained a group of SERB nationalist activists who tried to disturb the exhibition at the Sakharov Center in Moscow.",0,1557848407,RUS
5089748,804,UKR4161,4161,"01 May 2018",2018,1,Protests,"Protest with intervention","Protesters (Ukraine)",,6,"Rioters (Ukraine)",,5,56,Europe,Ukraine,Odessa,"Odessa Municipality",,Odessa,46.4639,30.7386,1,Novyny,National,"A 1 May march in Odessa finishes after a dozen of young men from a pro-Ukrainian public organisation block a motorway to prevent the participants of a pro-Russian activists attempting to march through the central part of the city in a column.",0,1553853281,UKR
5540264,804,UKR4162,4162,"01 May 2018",2018,2,"Violence against civilians",Attack,"Unidentified Armed Group (Ukraine)",,3,"Civilians (Ukraine)","Right Sector",7,37,Europe,Ukraine,Odessa,"Odessa Municipality",,Odessa,46.4639,30.7386,1,"Ukraine General Newswire; OSCE SMM-Ukraine; Novyny",National-Regional,"On 1 May 2018 a former head of the Odessa regional branch of the Ukrainian far-right Right Sector party, Serhiy Sternenko, was attacked with a rubber-bullet pistol. Sternenko was shot in the head, but his life is out of danger. Two suspects are detained during police investigation of the attack.",0,1561483104,UKR
5540248,804,UKR4111,4111,"30 April 2018",2018,2,"Violence against civilians",Attack,"Unidentified Armed Group (Ukraine)",,3,"Civilians (Ukraine)","Government of Ukraine (2014-)",7,37,Europe,Ukraine,"Kiev City",Kiev,,Kiev,50.4496,30.5224,1,"Ukraine General Newswire; Novyny",National-Regional,"On 30 April 2018, Ukrainian MP Mustafa Nayyem was attacked in the center of Kyiv by unidentified individuals as a result of a road conflict.",0,1561483094,UKR
5089530,804,UKR3943,3943,"26 April 2018",2018,1,Riots,"Violent demonstration","Rioters (Ukraine)",C14,5,"Civilians (Ukraine)","PSPU: Progressive Socialist Party of Ukraine",7,57,Europe,Ukraine,"Kiev City",Kiev,,Kiev,50.4496,30.5224,1,"BBC Monitoring",International,"On 26 April 2018, two members of the far-right radical group C14 poured kefir on Progressive Socialist Party leader Nataliya Vitrenko outside a Kiev court. While splashing kefir two masked men shouted ""Glory to Ukraine!"", ""Glory to the nation!"" and ""There will be no peace for commies on Ukrainian soil"".",0,1553853281,UKR
5089127,804,UKR3540,3540,"16 April 2018",2018,1,Riots,"Violent demonstration","Rioters (Ukraine)","Far Right Group (Ukraine)",5,"Civilians (Ukraine)","Association for Ukrainian-Moldovan Cooperation",7,57,Europe,Ukraine,Odessa,"Odessa Municipality",,Odessa,46.4639,30.7386,1,"Informatsionnyy Tsentr",National,"On 16 April 2018, young people who ""were shouting far-right slogans"" dismantled tents of activists of the Association for Ukrainian-Moldovan Cooperation who were collecting signatures for the strengthening of Ukrainian-Moldovan relations, as well as the cancellation of ""discriminatory"" norms of the new law ""On education"". The tents were dismantled in Odessa, Izmayil and Tatarbunary, and the attackers ""called for lynching of the non-Ukrainian population"".",0,1553853280,UKR
5083181,643,RUS379,379,"14 April 2018",2018,1,Protests,"Protest with intervention","Protesters (Russia)","Yabloko: Russian United Democratic Party",6,"Police Forces of Russia (2000-)",,1,16,Europe,Russia,Moscow,"Moscow Municipality",,Moscow,55.7522,37.6156,1,"OVD Info",National,"On April 14, 4 people were arrested on a rally organized by Yabloko against construction of the stadium Krasnaya Strela in Moscow. It was later revealed that the police simply removed some activists from the scene and that those may have been activists from the other activist group.",0,1553853274,RUS
5083122,643,RUS320,320,"26 March 2018",2018,1,Protests,"Protest with intervention","Protesters (Russia)","Progress Party",6,"Police Forces of Russia (2000-)",,1,16,Europe,Russia,Moscow,"Moscow Municipality",,Moscow,55.7522,37.6156,1,"Russia Matters",Regional,"On March 26, thousands of people gathered to protest against the corruption news related to the president Vladimir Putin upon the call of Alexey Navalny, the founder of the Progress Party. One of the protests took place in Moscow city in Moscow municipality, Moscow. Police forces intervened and detained some protesters, including Navalny.",0,1553853274,RUS
5088336,804,UKR2749,2749,"26 March 2018",2018,1,Riots,"Violent demonstration","Rioters (Ukraine)",,5,"Civilians (Ukraine)","ICRC: International Committee of the Red Cross; Police Forces of Ukraine (2014-)",7,57,Europe,Ukraine,"Kiev City",Kiev,,Kiev,50.4496,30.5224,1,"Human Rights Information Centre",National,"On March 26, 2018 according to Human Rights Information Centre, an unspecified number of rioters tried to prevent the conduct of the discussion of the delegation of the International Committee of the Red Cross ""Women on the frontline: how they have changed by the new realities"". The rioters raised a buzz and broke the photo exhibition that was posted on the walls. After the police arrived rioters were pushed out of the room.",0,1553853279,UKR
5088337,804,UKR2750,2750,"26 March 2018",2018,1,Riots,"Violent demonstration","Rioters (Ukraine)","Far Right Group (Ukraine)",5,"Civilians (Ukraine)","Police Forces of Ukraine (2014-)",7,57,Europe,Ukraine,"Kiev City",Kiev,,Kiev,50.4496,30.5224,1,"Human Rights Information Centre",National,"On March 26, 2018 according to Human Rights Information Centre, few dozen members of the far right groups tried to prevent the conduct of the discussion about the problem of the spread of ultra-right movements in Ukraine, that was held in Kiev. They tried to prevent people from entering the building where the discussion was held, but shortly were thrown out by the police forces.",0,1553853279,UKR
5079798,112,BLR24,24,"23 March 2018",2018,1,"Violence against civilians",Attack,"Police Forces of Belarus (1994-)",,1,"Civilians (Belarus)","MFF: Movement 'For Freedom'",7,17,Europe,Belarus,Minsk,"City of Minsk",,Minsk,53.9,27.5667,1,HRW,International,"On March 23, police arrested and beat opposition activist Ales Lahvinets of the Movement For Freedom near his home in the city of Minsk, causing him to be hospitalized.",0,1553853269,BLR
5081123,300,GRC75,75,"21 March 2018",2018,1,Protests,"Protest with intervention","Protesters (Greece)",,6,"Police Forces of Greece (2015-)",,1,16,Europe,Greece,Attica,Athens,"Central Athens",Athens,37.9833,23.7333,1,"The National Herald",International,"On Mar. 21, 2018: Anti-auction demonstrators threw eggs at the police outside a notary's office in Athens. Police used shields and tear gas to disperse the demonstration.",0,1553853271,GRC
5088167,804,UKR2580,2580,"21 March 2018",2018,1,"Violence against civilians",Attack,"Unidentified Armed Group (Ukraine)",,3,"Civilians (Azerbaijan)","Journalists (Azerbaijan)",7,37,Europe,Ukraine,"Kiev City",Kiev,,Kiev,50.4496,30.5224,1,Intellinews,International,"On March 21, 2018 Intellinews reported that an Azerbaijani journalist, Fikret Huseynli, was attacked at his residence in Kyiv by unknown persons, which resulted in several injuries.",0,1553853279,UKR
5083084,643,RUS282,282,"15 March 2018",2018,1,"Violence against civilians",Attack,"Police Forces of Russia (2000-) Federal Security Service",,1,"Civilians (Russia)",,7,17,Europe,Russia,Moscow,"Moscow Municipality",,Moscow,55.7522,37.6156,1,"OVD Info",National,"On 15 March 2018, the Federal Security Service conducted search at the house of Ruslan Kostylenkov as part of the New greatness case. Kostylenkov reported being beaten up and tortured during the search of his home to obtain confession. In addition, other members of the New Greatness movement were arrested in Moscow on suspicion of extremism.",0,1553853274,RUS
5083079,643,RUS277,277,"14 March 2018",2018,1,"Violence against civilians",Attack,"Police Forces of Russia (2000-)",,1,"Civilians (Russia)","Anarchist Group (Russia)",7,17,Europe,Russia,Moscow,"Moscow Municipality",,Moscow,55.7522,37.6156,1,Avtonom.ru,National,"On March 14th 2018, several anarchist activists were detained throughout Moscow. One activist was subjected to torture while in police custody and was forced to deliver a confession.",0,1553853274,RUS
5087982,804,UKR2395,2395,"14 March 2018",2018,1,"Explosions/Remote violence",Grenade,"Unidentified Armed Group (Ukraine)",,3,,,0,30,Europe,Ukraine,Lviv,"Lviv Municipality",,Lviv,49.8407,24.0305,1,"OSCE SMM-Ukraine",National,"On March 14, 2018, an explosive device had been thrown into Lychakiv cemetery in Lviv.",0,1553853279,UKR
5083061,643,RUS259,259,"11 March 2018",2018,1,Protests,"Protest with intervention","Protesters (Russia)","Yabloko: Russian United Democratic Party",6,"Police Forces of Russia (2000-)",,1,16,Europe,Russia,Moscow,"Moscow Municipality",,Moscow,55.7522,37.6156,1,"OVD Info",National,"The chairman of the Yabloko party was detained by police following a speech at the Mothers' March in Moscow.",0,1553853273,RUS
5087861,804,UKR2274,2274,"09 March 2018",2018,1,"Violence against civilians",Attack,"Unidentified Armed Group (Ukraine)",,3,"Civilians (Ukraine)","Svoboda; Government of Ukraine (2014-)",7,37,Europe,Ukraine,"Kiev City",Kiev,,Kiev,50.4496,30.5224,2,"Ukrainian News Agency",National,"On March 09, 2018 Ukrainian News Agency reported that unknown persons beat a non-affiliated member of the Ukrainian Parliament Levchenko (Svoboda party) in Kyiv, while he was protesting with activists at what they regard as an illegal construction site. On March 9, police opened a criminal case following the incident.",0,1553853279,UKR
5198553,804,UKR2260,2260,"08 March 2018",2018,1,Riots,"Violent demonstration","Rioters (Ukraine)",,5,"Rioters (Ukraine)","Women (Ukraine)",5,55,Europe,Ukraine,Lviv,"Lviv Municipality",,Lviv,49.8407,24.0305,1,"OSCE SMM-Ukraine",National,"On March 08, 2018 OSCE SMM-Ukraine saw about 200 people in Lviv, 70 per cent of them were women, marching with signs calling for gender equality, an end to domestic and gender-based violence, and an end to 'the patriarchy.' SMM reports that about 20 young women were protesting against the march with signs written in Ukrainian such as 'Feminism is destruction' and 'Gender quotas are discrimination"" and about other forty activists of right-wing groups were walking alongside the march. The Mission saw that at one point scuffles broke out between one of these activists and a participant in the women's march and that the police detain the activist. [size=200]",0,1559160369,UKR
5087805,804,UKR2218,2218,"06 March 2018",2018,1,Riots,"Violent demonstration","Rioters (Ukraine)","Sokil; C14; OUN: Organization of Ukrainian Nationalists",5,"Civilians (Ukraine)",,7,57,Europe,Ukraine,Lviv,"Lviv Municipality",,Lviv,49.8407,24.0305,1,"OSCE SMM-Ukraine",National,"On March 06, 2018, about 50 protestors with the insignia of Sokil, Organisation of Ukrainian Nationalists (OUN) and C14 gathered outside the main entrance of the Lviv National Opera preventing approximately 350 ticketholders from entering. They were demonstrating against the performance because one of its singers had previously performed in the Russian Federation and Crimea. Rioters poured red liquid in front of the main entrance of the opera and shoved a representative of the singer.",0,1553853279,UKR
5535970,498,MDA35,35,"05 March 2018",2018,2,"Violence against civilians",Attack,"Private Security Forces (Moldova)",,8,"Civilians (Moldova)","Journalists (Moldova)",7,78,Europe,Moldova,Chisinau,,,Chisinau,47.0056,28.8575,2,"Jurnal; Newsmaker.md; Moldova.org; Ziarul de Garda",National,"As reported on March 5th, a two-person filming crew of JurnalTV was beaten by the guard of the businessman Iurie Luncasu while conducting an investigation in Chisinau.",0,1561483035,MDA
5198041,804,UKR2000,2000,"27 February 2018",2018,1,Riots,"Violent demonstration","Rioters (Ukraine)","Nationalist Group (Ukraine)",5,,,0,50,Europe,Ukraine,Odessa,"Odessa Municipality",,Odessa,46.4639,30.7386,1,UA:Pershiy,National,"On February 27, 2018, Ukrainian nationalists have attacked a building of the Russian Consulate General in Odessa, throwing flares at the facility and smearing its fence with red paint. About 50 policemen did not intervene in ""the provocation"".",0,1559058128,UKR
5083020,643,RUS218,218,"26 February 2018",2018,1,"Violence against civilians",Attack,"Unidentified Armed Group (Russia)",,3,"Civilians (Russia)","Government of Russia (2000-)",7,37,Europe,Russia,Moscow,"Moscow Municipality",,Moscow,55.7522,37.6156,1,"OVD Info",National,"On February 26th, three unidentified individuals attacked the head of Moscow's district Kurkinno (North-Western administrative okrug) Ilya Svetikov, when he was stepping out of his car in garages. Svetikov was only slightly injured and claims that the assault was supposed to threaten him.",0,1553853273,RUS
5087552,804,UKR1964,1964,"26 February 2018",2018,1,Protests,"Protest with intervention","Protesters (Ukraine)",,6,"Police Forces of Ukraine (2014-)","Government of Ukraine (2014-)",1,16,Europe,Ukraine,"Kiev City",Kiev,,Kiev,50.4496,30.5224,1,"Dzerkalo Tyzhnia",National,"On February 26, 2018 according to Zerkalo Nedeli, Prosecutor-General Yuriy Lutsenko attacked the activists who set up a tent camp outside his house in Kiev. The picketers say that the prosecutor-general came to them with an axe and accompanied by two body guards and threatened them with retaliation, saying obscenities. Also, he smashed their generator with an axe, cut the cables and tore down the banner calling for the release of Severion Dangadze.",0,1553853278,UKR
5081087,300,GRC39,39,"25 February 2018",2018,1,Riots,"Violent demonstration","Rioters (Greece)","Anarchist Group (Greece)",5,,,0,50,Europe,Greece,Attica,Athens,"Central Athens",Athens,37.9833,23.7333,2,"The National Herald",International,"On Feb. 25, 2018: Anarchist group tossed flyers outside former Prime Minister Papademos' home in Palaio Psychico, Athens, and spray-painted slogans on the sidewalk in solidarity with prisoner Giagtzoglou, who had been suspected of sending a bomb which seriously injured Papademos in 2016.",0,1553853271,GRC
5087397,804,UKR1809,1809,"23 February 2018",2018,1,Riots,"Violent demonstration","Rioters (Ukraine)","Sokil; AutoMaidan; Odessa Self-Defence",5,"Police Forces of Ukraine (2014-)",,1,15,Europe,Ukraine,Odessa,"Odessa Municipality",,Odessa,46.4639,30.7386,1,"OSCE SMM-Ukraine",National,"On February 23, 2018 the OSCE SMM-Ukraine observed about 100 people wearing camouflage and balaclavas, however some recognized as members of Automaidan Odessa, Sokil and Odessa Self-Defence groups. People gathered outside the building of the Sanatorium 'Lermontovskyi' in Odessa to 'take back the building that had been seized in the early morning' by the authorities. It was reported that some minor scuffles took place between the participants of the gathering and the police.",0,1553853278,UKR
5087398,804,UKR1810,1810,"23 February 2018",2018,1,Protests,"Protest with intervention","Protesters (Ukraine)",,6,"Police Forces of Ukraine (2014-)",,1,16,Europe,Ukraine,Odessa,"Odessa Municipality",,Odessa,46.4639,30.7386,1,"OSCE SMM-Ukraine",National,"On February 23, 2018 according to OSCE SMM-Ukraine about 120 people carrying white flags with yellow flames and 'Faith and Memory' written in Russian gathered at the monument of the Unknown Sailor in Shevchenko Park in Odessa to commemorate the Defender of the Fatherland day. About 300m away, the SMM observed police officers preventing a group of about 20 people from attending the gathering. The police told the SMM that they had prevented the group's participation as those in the group had refused to identify themselves.",0,1553853278,UKR
5087400,804,UKR1812,1812,"23 February 2018",2018,1,"Violence against civilians",Attack,"Unidentified Armed Group (Ukraine)",,3,"Civilians (Ukraine)",,7,37,Europe,Ukraine,Odessa,"Odessa Municipality",,Odessa,46.4639,30.7386,1,Taymer,Subnational,"On February 23, 2018, an unknown person has sprayed pepper gas in the face of Odessa regional councillor Oleksiy Kobylnikov.",0,1553853278,UKR
5079789,112,BLR15,15,"18 February 2018",2018,1,"Violence against civilians",Attack,"Police Forces of Belarus (1994-)",,1,"Civilians (Belarus)","Journalists (Belarus)",7,17,Europe,Belarus,Minsk,"City of Minsk",,Minsk,53.9,27.5667,1,"RFE/RL; BelaPAN",National-International,"On February 18th, Belarusian journalist Andrus Kozel was beaten by four policemen whilst filming in a polling station in Minsk.",0,1553853269,BLR
5538030,804,UKR1544,1544,"18 February 2018",2018,1,Riots,"Violent demonstration","Rioters (Ukraine)","OUN: Organization of Ukrainian Nationalists; White Hammer; SNA: Social-National Assembly",5,,,0,50,Europe,Ukraine,"Kiev City",Kiev,,Kiev,50.4496,30.5224,1,"Interfax; ITAR-TASS",Regional,"On 18 February, about 100 rioters including members of OUN, White Hammer, Social-National Assembly, Black Committee and Committee for the Liberation of Political Prisoners, attacked the offices of Russia's Alfa Bank and Sberbank as well as the Russian Cultural Centers in the Kiev, chanting slogans against Russia and causing material damage. Members of the Ukrainian National Guard and police deployed nearby did not intervene. No casualties were reported.",0,1561483059,UKR
5082975,643,RUS173,173,"17 February 2018",2018,1,Protests,"Protest with intervention","Protesters (Russia)",,6,"Police Forces of Russia (2000-)",,1,16,Europe,Russia,Moscow,"Moscow Municipality",,Moscow,55.7522,37.6156,1,Izvestia,National,"On February 17th, law enforcers interrupted a protest of shareholders of a company, who were allegedly cheated by the presidential candidate Pavel Grudinin. They held their protest in Moscow near a building, where the Communist party was currently organising a national forum of investors. 15 protesters were detained, documented and later released.",0,1553853273,RUS
5087095,804,UKR1507,1507,"17 February 2018",2018,1,Riots,"Mob violence","Rioters (Ukraine)","C14; Right Sector; Traditions and Order; Radical Party",5,"Civilians (Ukraine)",,7,57,Europe,Ukraine,"Kiev City",Kiev,,Kiev,50.4496,30.5224,1,"Sputnik News Service; ITAR-TASS",Regional,"On 17 February, about 30 rioters, among them members of C14, Right Sector, Traditions and Order and Verkhovna Rada member Andriy Lozovyi (Radical Party), attacked the Russian Cultural Center in Kiev, causing material damage and threatening people inside. No casualties were reported.",0,1553853278,UKR
5087056,804,UKR1468,1468,"16 February 2018",2018,1,Riots,"Mob violence","Rioters (Ukraine)","Svoboda; Right Sector; AutoMaidan",5,"Police Forces of Ukraine (2014-)",,1,15,Europe,Ukraine,Odessa,"Odessa Municipality",,Odessa,46.4639,30.7386,1,"OSCE SMM-Ukraine",National,"On February 16, 2018 the SMM observed appr. 200 people demonstrating against the outcome of the pre-trial detention hearing for the mayor of Odessa in front of the City Hall in Odessa. People were affiliated with the groups Right Sector, AutoMaidan and Svoboda. There was a minor scuffle between the police and two men with a Svoboda insignia.",0,1553853278,UKR
5086911,804,UKR1323,1323,"13 February 2018",2018,1,"Violence against civilians",Attack,"Unidentified Armed Group (Ukraine)",,3,"Civilians (Ukraine)","Journalists (Ukraine)",7,37,Europe,Ukraine,Odessa,"Odessa Municipality",,Odessa,46.4639,30.7386,1,"Ukraine General Newswire",Regional,"On February 13, 2018, some activists tried to force a journalist Maksym Voitenko out of the courtroom of the Kyivsky District Court of Odessa. On February 14, 2018, the police opened criminal proceedings under Part 1, Article 171 (obstruction of the lawful professional activity of journalists) of the Criminal Code of Ukraine.",0,1553853278,UKR
5086864,804,UKR1276,1276,"12 February 2018",2018,1,Riots,"Mob violence","Rioters (Ukraine)","Movement of New Forces",5,"Police Forces of Ukraine (2014-)","Police Forces of Ukraine (2014-) State Border Guard Service",1,15,Europe,Ukraine,"Kiev City",Kiev,,Kiev,50.4496,30.5224,1,Unian,National,"On February 12, 2018 , State Border Guard Service together the Migration Service and National Police informed Mikheil Saakashvili on the decision of his expulsion from Kiev, Ukraine. During this process, unidentified individuals from Mikhail Saakashvili's entourage attacked law enforcement officials. Border guards were forced to defend themselves and employed force support.",0,1553853277,UKR
5086751,804,UKR1163,1163,"08 February 2018",2018,1,"Violence against civilians",Attack,"Police Forces of Ukraine (2014-) ARMA: National Agency for Identifying, Tracing and Managing Assets Obtained through Corruption and Other Crimes",,1,"Civilians (Ukraine)","Journalists (Ukraine)",7,17,Europe,Ukraine,"Kiev City",Kiev,,Kiev,50.4496,30.5224,1,"Vesti; Sputnik News Service",National-Regional,"On February 8, 2018, a journalist was injured after gas was dispersed in the Vesti office as the National Agency for Identifying, Tracing and Managing Assets Obtained through Corruption and Other Crimes took control of the editorial offices of the Vesti newspaper in Kiev. This was done under criminal proceedings against the former minister for taxes and levies, who is accused of corruption.",0,1553853277,UKR
5082950,643,RUS148,148,"07 February 2018",2018,1,Protests,"Protest with intervention","Protesters (Russia)",,6,"Police Forces of Russia (2000-)",,1,16,Europe,Russia,Moscow,"Moscow Municipality",,Moscow,55.7522,37.6156,1,"OVD Info",National,"On Feb 7, six animal rights activits demonstrated at the Agro-Farm exhibition in Moscow. All were detained and taken to a police station; later in the night were released.",0,1553853273,RUS
5086683,804,UKR1095,1095,"07 February 2018",2018,1,"Violence against civilians",Attack,"National Corps Party",,3,"Civilians (Ukraine)","Communist Group (Ukraine)",7,37,Europe,Ukraine,"Kiev City",Kiev,,Kiev,50.4496,30.5224,1,"BBC Monitoring",International,"On February 7, 2018, in Kiev, members of the National Corps attacked two men who were planning to distribute ""antifascist"" leaflets. The victims claimed to be members of the Communist Party from western Ukraine.",0,1553853277,UKR
5086693,804,UKR1105,1105,"07 February 2018",2018,1,"Violence against civilians",Attack,"Unidentified Armed Group (Ukraine)",,3,"Civilians (Ukraine)","Right Sector",7,37,Europe,Ukraine,Odessa,"Odessa Municipality",,Odessa,46.4639,30.7386,1,"Ukrayinska Pravda; OSCE SMM-Ukraine",National,"On 7 February 2018 a former head of the Odessa regional branch of the Ukrainian far-right Right Sector party, Serhiy Sternenko, was attacked outside his home.",0,1553853277,UKR
5082914,643,RUS112,112,"31 January 2018",2018,1,"Violence against civilians",Attack,"Unidentified Armed Group (Russia)",,3,"Civilians (Russia)","Lawyers (Russia)",7,37,Europe,Russia,Moscow,"Moscow Municipality",,Moscow,55.7522,37.6156,1,"Agora; OVD Info",National,"On January 31st, a lawyer and human-rights activist Valentin Karelin was attacked by (probably) three unindentified masked individuals in Moscow - Krylatsk. Karelin is well-known as a lawyer assisting local activists and politicians.",0,1553853273,RUS
5086358,804,UKR770,770,"29 January 2018",2018,1,"Violence against civilians",Attack,"Unidentified Armed Group (Ukraine)","Far Right Group (Ukraine)",3,"Civilians (Ukraine)",,7,37,Europe,Ukraine,Lviv,"Lviv Municipality",,Lviv,49.8407,24.0305,1,"Human Rights Information Centre",National,"On January 29, 2018, an unidentified young man wearing a balaclava entered the premises of the Bookshop ""Ye"" in Lviv. He threw a smoke bomb in the room with appr. 50 people listening to a lecture ""Terrible History: Holocaust. Memory. Pain. Lessons"" and ran away. [Similar attacks by far right groups happened throughout the year during lectures/activities related to human rights e.g. LGBT/Roma/Women's rights, environmental issues etc.]",0,1553853277,UKR
5086267,804,UKR679,679,"25 January 2018",2018,1,Riots,"Mob violence","Rioters (Ukraine)","Vigilante Group (Ukraine); C14; Traditions and Order",5,"Civilians (Ukraine)","Russian Orthodox Christian Group (Ukraine); Journalists (Ukraine)",7,57,Europe,Ukraine,"Kiev City",Kiev,,Kiev,50.4496,30.5224,3,"Ukrayinska Pravda",National,"On 25 January 2018, the far-right organizations C14, Tradition and Order and Falcon have raided the office of the Union of Orthodox Journalists, where members of the groups say they found anti-Ukrainian materials.",0,1553853277,UKR
5082842,643,RUS40,40,"22 January 2018",2018,1,Protests,"Protest with intervention","Protesters (Russia)","OR: The Other Russia",6,"Police Forces of Russia (2000-)",,1,16,Europe,Russia,Moscow,"Moscow Municipality",,Moscow,55.7522,37.6156,1,"TV Rain",National,"On 22th January, six activists of the unregistered party The Other Russia (National Bolsheviks) held a protest in front of the Russian Central Election Commission in Moscow. They lit flares and souted demands to revise privatisation in 1990s. All were detained immediately.",0,1553853273,RUS
5081061,300,GRC13,13,"21 January 2018",2018,1,Riots,"Violent demonstration","Rioters (Greece)",,5,"Civilians (Greece)","Government of Greece (2015-)",7,57,Europe,Greece,Attica,Athens,"Central Athens",Athens,37.9833,23.7333,2,"Greek Reporter",International,"On Jan. 21, 2018: Greek demonstrators who staged a rally against Macedonia's name chased Greece's former deputy minister of Education, Kostas Zouraris threatening to lynch him. Zouraris resigned the previous week over his insults about football fans, which caused public discontent. No injuries were reported.",0,1553853271,GRC
5081059,300,GRC11,11,"20 January 2018",2018,1,Riots,"Mob violence","Rioters (Greece)",,5,"Civilians (Ukraine)","Government of Ukraine (2014-)",7,57,Europe,Greece,Attica,Athens,"Central Athens",Athens,37.9833,23.7333,1,Liveuamap,Other,"On Jan. 20, 2018: Unknown individuals attacked the Embassy of Ukraine in Athens by throwing Molotov cocktails at the building. Allegedly, three cars near the embassy were also set on fire.",0,1553853271,GRC
5082838,643,RUS36,36,"19 January 2018",2018,1,Protests,"Protest with intervention","Protesters (Russia)",,6,"Police Forces of Russia (2000-)",,1,16,Europe,Russia,Moscow,"Moscow Municipality",,Moscow,55.7522,37.6156,1,"Caucasian Knot",National,"On January 19th, around 500 individuals took part at a traditional march in Moscow in memory of Stanislav Markelov and Anastasia Baburova, a lawyer and a journalist of Novaya Gazeta, both killed in 2009. According to more sources, 1-4 individuals were detained, because their faces were covered.",0,1553853273,RUS
5082839,643,RUS37,37,"19 January 2018",2018,1,"Violence against civilians",Attack,"Unidentified Armed Group (Russia)",,3,"Civilians (Russia)","LF: Left Front",7,37,Europe,Russia,Moscow,"Moscow Municipality",,Moscow,55.7522,37.6156,1,"Caucasian Knot",National,"On 19th January, Ilya S., the 'Left-Bloc' activist, was beaten by three unidentified masked individuals in Moscow near the Domodedovsaya station. They referred to the just-finished rally in memory of the lawyer Stanislav Markelov and Anastasia Baburova and started beating him for his participation at the rally. Later, other pedestrians scared them out.",0,1553853273,RUS
5086076,804,UKR488,488,"18 January 2018",2018,1,Protests,"Protest with intervention","Protesters (Ukraine)","Journalists (Ukraine)",6,"Police Forces of Ukraine (2014-)",,1,16,Europe,Ukraine,Lviv,"Lviv Municipality",,Lviv,49.8407,24.0305,1,Zaxid,Subnational,"On January 18, 2018 according to Zaxid, the police arrested six journalists of the Lviv newspaper Ekspres while they protested outside the building in Lviv, where President Petro Poroshenko held a meeting with Canada's Governor General Julie Payette.",0,1553853277,UKR
5535786,300,GRC7,7,"15 January 2018",2018,1,Riots,"Violent demonstration","Rioters (Greece)","Labour Group (Greece)",5,"Police Forces of Greece (2015-)",,1,15,Europe,Greece,Attica,Athens,"Central Athens",Athens,37.9833,23.7333,1,"Greek Reporter; The National Herald; AP; Ekathimerini; EuroNews; Xinhua; Reuters",National-Regional,"On Jan. 15, 2018: Around 20,000 rioters demonstrated in Athens against the government's newly approved austerity measures. Rioters threw petrol bombs and stones at the police, who used pepper spray. No one was injured or arrested.",0,1561483031,GRC
5535625,300,GRC3,3,"10 January 2018",2018,1,Riots,"Violent demonstration","Rioters (Greece)",,5,"Police Forces of Greece (2015-)",,1,15,Europe,Greece,Attica,Athens,"Central Athens",Athens,37.9833,23.7333,1,"AP; The National Herald; Greek Reporter; Ekathimerini",National-International,"On Jan 10, 2018: Anti-austerity demonstrators in Athens reached the entrance of the prime minister's official residence. One police officer was hospitalized with a light injury and the demonstrators eventually left peacefully.",0,1561483030,GRC
5081049,300,GRC1,1,"09 January 2018",2018,1,Riots,"Violent demonstration","Rioters (Greece)","KKE: Communist Party of Greece",5,,,0,50,Europe,Greece,Attica,Athens,"Central Athens",Athens,37.9833,23.7333,1,"To Vima; Greek Reporter; AP",National-International,"On Jan. 9, 2018: Dozens of people taking part in a Communist Party-affiliated demonstration broke into the Labour Ministry using crowbars. No injuries or arrests were reported.",0,1553853271,GRC
5082807,643,RUS5,5,"05 January 2018",2018,1,Protests,"Protest with intervention","Protesters (Russia)","Labour Group (Russia)",6,"Police Forces of Russia (2000-)",,1,16,Europe,Russia,Moscow,"Moscow Municipality",,Moscow,55.7522,37.6156,1,"Novye Izvestia",National,"On July 5th, a dozen of employees of Teatre.doc were arrested in Moscow during a peaceful picket protest in support of the arrested Ukrainian Oleg Sentsov. Reportedly, nine of them were detained due to alleged drug use and drunkness, another actress was hit, but not detained. A protester, who was filming the detention, was forced to erase the video. All were detained later in the night.",0,1553853273,RUS
5085599,804,UKR11,11,"01 January 2018",2018,1,"Violence against civilians",Attack,"Unidentified Armed Group (Ukraine)",,3,"Civilians (Ukraine)",,7,37,Europe,Ukraine,Odessa,"Odessa Municipality",,Odessa,46.4639,30.7386,1,Taymer,Subnational,"On January 01, 2018, a car knocked down a ""well-known rights defender"" activist Oleksandr Orlov in Odessa. Activists think that Orlov could have been knocked down deliberately.",0,1553853276,UKR
